<?xml version="1.0" encoding="utf-8" ?>
<List>
    <data title="Demo Service" clsname="com.adam.app.demoset.DemoServiceAct" pkgname="com.adam.app.demoset"/>
    <data title="Demo Animation" clsname="com.adam.app.demoset.animation.DemoGifAct" pkgname="com.adam.app.demoset"/>
    <data title="Demo job service" clsname="com.adam.app.demoset.jobService.DemoJobSvrAct" pkgname="com.adam.app.demoset"/>
    <data title="Demo floating alert dialog" clsname="com.adam.app.demoset.floatingDlg.DemoFloatingDialogAct" pkgname="com.adam.app.demoset"/>
    <data title="Demo floating alert window" clsname="com.adam.app.demoset.floatingwindow.DemoFloatingWindowAct" pkgname="com.adam.app.demoset"/>
    <data title="Demo BlueTooth" clsname="com.adam.app.demoset.bluetooth.DemoBTAct" pkgname="com.adam.app.demoset"/>
    <data title="Demo Notification" clsname="com.adam.app.demoset.notification.DemoNotificationAct" pkgname="com.adam.app.demoset"/>
    <data title="Demo Share provide action" clsname="com.adam.app.demoset.DemoShareProvidAct" pkgname="com.adam.app.demoset"/>
    <data title="Demo Hello jni" clsname="com.adam.app.demoset.jnidemo.DemoJNIAct" pkgname="com.adam.app.demoset"/>
    <data title="Demo Flash Light" clsname="com.adam.app.demoset.flashlight.DemoFlashLightAct" pkgname="com.adam.app.demoset"/>
    <data title="Demo Device admin" clsname="com.adam.app.demoset.lockscreen.DemoDeviceAdminAct" pkgname="com.adam.app.demoset"/>
    <data title="Demo Camera" clsname="com.adam.app.demoset.camera2.DemoCamera2Act2" pkgname="com.adam.app.demoset"/>
    <data title="Demo Video record" clsname="com.adam.app.demoset.video.DemoVideoRecordAct" pkgname="com.adam.app.demoset"/>
    <data title="Demo Alarm" clsname="com.adam.app.demoset.alarm.DemoAlarmAct" pkgname="com.adam.app.demoset"/>
    <data title="Demo Binder Call" clsname="com.adam.app.demoset.binder.DemoBinderAct" pkgname="com.adam.app.demoset"/>
    <data title="Demo Scheduler service" clsname="com.adam.app.demoset.scheduler.DemoScheduleServiceAct" pkgname="com.adam.app.demoset"/>
    <data title="Demo Table layout" clsname="com.adam.app.demoset.tablelayout.DemoTableAct" pkgname="com.adam.app.demoset"/>
    <data title="Demo Database" clsname="com.adam.app.demoset.database.DemoDatabaseAct" pkgname="com.adam.app.demoset"/>
    <data title="Demo Room Database" clsname="com.adam.app.demoset.database2.DemoRoomAct" pkgname="com.adam.app.demoset"/>
    <data title="Demo System UI" clsname="com.adam.app.demoset.systemUI.DemoSysUIAct" pkgname="com.adam.app.demoset"/>
    <data title="Demo Work manager" clsname="com.adam.app.demoset.workmanager.DemoWorkManagerMainAct" pkgname="com.adam.app.demoset"/>
    <data title="Demo Quick setting" clsname="com.adam.app.demoset.quicksetting.DemoQuickSetting" pkgname="com.adam.app.demoset"/>
    <data title="Demo Material Widget" clsname="com.adam.app.demoset.material.DemoMaterialLogInAct" pkgname="com.adam.app.demoset"/>
    <data title="Demo Handler thread" clsname="com.adam.app.demoset.myHandlerThread.DemoMyHandlerThreadAct" pkgname="com.adam.app.demoset"/>
    <data title="Demo Wifi function" clsname="com.adam.app.demoset.wifi.DemoWifiAct" pkgname="com.adam.app.demoset"/>
</List>